epoch,time,train/box_loss,train/cls_loss,train/dfl_loss,metrics/precision(B),metrics/recall(B),metrics/mAP50(B),metrics/mAP50-95(B),val/box_loss,val/cls_loss,val/dfl_loss,lr/pg0,lr/pg1,lr/pg2
1,3.30537,3.03588,4.42872,1.8646,0.0001,0.0129,6e-05,2e-05,3.00674,4.41857,1.86321,2.222e-05,2.222e-05,2.222e-05
2,4.32766,3.20638,4.42736,1.85188,0.0002,0.02581,0.00012,2e-05,2.60016,4.409,1.63603,5.50001e-05,5.50001e-05,5.50001e-05
3,5.41084,2.56499,4.33738,1.54019,0,0,0,0,1.94537,4.30421,1.19592,8.71202e-05,8.71202e-05,8.71202e-05
4,6.49988,1.99514,4.18691,1.24012,0.00015,0.0079,0.00012,4e-05,1.90329,4.22186,1.06201,0.00011858,0.00011858,0.00011858
5,7.5345,1.71325,3.99141,1.08674,0.00135,0.04799,0.00112,0.00022,1.6128,4.16111,0.99228,0.000149381,0.000149381,0.000149381
6,8.57883,1.64283,3.83598,1.05554,0.00144,0.03889,0.00189,0.00026,1.58421,4.16317,0.99314,0.000179521,0.000179521,0.000179521
7,9.59516,1.55069,3.7065,1.01814,0.13475,0.05714,0.06947,0.0186,1.64848,4.10567,0.99105,0.000209001,0.000209001,0.000209001
8,10.5769,1.46675,3.54478,0.99103,0.07789,0.1039,0.0473,0.00987,1.56598,4.06382,0.97067,0.000237822,0.000237822,0.000237822
9,11.5937,1.4914,3.42923,0.9839,0.0233,0.21559,0.04319,0.01265,1.37442,4.00693,0.93688,0.000265982,0.000265982,0.000265982
10,12.588,1.46271,3.27324,0.98482,0.02201,0.2956,0.0483,0.01221,1.35705,3.98271,0.93731,0.000293483,0.000293483,0.000293483
11,13.6125,1.391,3.05482,0.97893,0.03148,0.42206,0.09753,0.02956,1.34057,3.9102,0.93944,0.000320324,0.000320324,0.000320324
12,14.8001,1.54775,2.95239,0.98077,0.02644,0.41749,0.11631,0.03535,1.3151,3.87601,0.93782,0.000346504,0.000346504,0.000346504
13,15.8298,1.39856,2.71421,0.96311,0.02453,0.40628,0.15473,0.0424,1.30079,3.81126,0.93027,0.000372025,0.000372025,0.000372025
14,16.861,1.4407,2.55912,0.95607,0.02918,0.43066,0.18888,0.05743,1.29716,3.76843,0.92331,0.000396886,0.000396886,0.000396886
15,17.8744,1.44913,2.38977,0.93902,0.034,0.46016,0.20542,0.08021,1.22786,3.68129,0.91029,0.000421087,0.000421087,0.000421087
16,18.9038,1.45112,2.21691,0.9345,0.03448,0.44433,0.17688,0.06883,1.25034,3.65562,0.90992,0.000444628,0.000444628,0.000444628
17,20.0291,1.43983,2.11647,0.92646,0.03629,0.45925,0.18293,0.07488,1.20802,3.61581,0.89992,0.000467509,0.000467509,0.000467509
18,21.0393,1.44901,1.91642,0.9542,0.04187,0.48025,0.19206,0.08639,1.21569,3.57202,0.89952,0.00048973,0.00048973,0.00048973
19,22.085,1.40672,1.87271,0.92122,0.05015,0.53173,0.26993,0.13568,1.25406,3.49841,0.90011,0.000511291,0.000511291,0.000511291
20,23.0821,1.31638,1.66063,0.92037,0.05377,0.56413,0.33338,0.18187,1.22513,3.39015,0.89578,0.000532192,0.000532192,0.000532192
21,24.0717,1.28849,1.59796,0.92101,0.05767,0.59961,0.39957,0.23163,1.22156,3.2654,0.89979,0.000552434,0.000552434,0.000552434
22,25.0667,1.32624,1.51809,0.90743,0.0581,0.62468,0.46357,0.27163,1.24927,3.14923,0.90706,0.000572015,0.000572015,0.000572015
23,26.1104,1.33437,1.49094,0.91551,0.05831,0.6514,0.50472,0.29888,1.27671,3.05509,0.91396,0.000590936,0.000590936,0.000590936
24,27.1516,1.30255,1.34561,0.92093,0.66622,0.50674,0.54325,0.33155,1.20428,2.91863,0.90464,0.000609198,0.000609198,0.000609198
25,28.1559,1.23714,1.28997,0.92565,0.92466,0.42142,0.58409,0.37621,1.21849,2.74138,0.91235,0.0006268,0.0006268,0.0006268
26,29.1441,1.33898,1.25662,0.93617,0.9609,0.34841,0.61707,0.40533,1.19441,2.58269,0.90553,0.000643741,0.000643741,0.000643741
27,30.1554,1.26957,1.2154,0.92818,0.97743,0.38325,0.6327,0.40045,1.29404,2.48359,0.9179,0.000660023,0.000660023,0.000660023
28,31.1715,1.25639,1.1871,0.90404,0.85285,0.42526,0.64067,0.38915,1.37708,2.36873,0.94561,0.000675645,0.000675645,0.000675645
29,32.164,1.3772,1.24313,0.91652,0.85285,0.42526,0.64067,0.38915,1.37708,2.36873,0.94561,0.000690606,0.000690606,0.000690606
30,33.1925,1.24604,1.1358,0.91306,0.85242,0.5475,0.71605,0.46199,1.23634,2.0943,0.92926,0.000704908,0.000704908,0.000704908
31,34.2046,1.22469,1.07901,0.91887,0.84791,0.59228,0.76975,0.51983,1.14238,1.89239,0.90312,0.00071855,0.00071855,0.00071855
32,35.2215,1.26377,1.06616,0.91863,0.8256,0.63331,0.79889,0.535,1.18347,1.76171,0.90378,0.000731532,0.000731532,0.000731532
33,36.1935,1.19103,1.12546,0.92338,0.8256,0.63331,0.79889,0.535,1.18347,1.76171,0.90378,0.000743854,0.000743854,0.000743854
34,37.2341,1.21121,1.06085,0.91282,0.79428,0.65226,0.81882,0.55888,1.16682,1.64924,0.89919,0.000748036,0.000748036,0.000748036
35,38.4153,1.19016,1.04388,0.91145,0.8001,0.66677,0.82646,0.56233,1.1603,1.5965,0.90831,0.000737037,0.000737037,0.000737037
36,39.4659,1.21165,1.06518,0.91137,0.8035,0.69308,0.82412,0.56581,1.12385,1.53721,0.90454,0.000726038,0.000726038,0.000726038
37,40.4174,1.15132,0.97931,0.90284,0.8035,0.69308,0.82412,0.56581,1.12385,1.53721,0.90454,0.00071504,0.00071504,0.00071504
38,41.4254,1.17556,0.96513,0.89532,0.84608,0.73658,0.84015,0.59704,1.05671,1.43595,0.88464,0.000704041,0.000704041,0.000704041
39,42.4266,1.16061,0.96893,0.90229,0.8713,0.7672,0.85198,0.57123,1.09876,1.34978,0.88599,0.000693042,0.000693042,0.000693042
40,43.4171,1.09638,0.90591,0.90131,0.83139,0.79641,0.8521,0.57765,1.05496,1.21801,0.88171,0.000682043,0.000682043,0.000682043
41,44.3791,1.09199,0.95612,0.90487,0.83139,0.79641,0.8521,0.57765,1.05496,1.21801,0.88171,0.000671044,0.000671044,0.000671044
42,45.3932,1.13539,0.94137,0.88862,0.84443,0.7945,0.85592,0.60438,1.02427,1.13668,0.88302,0.000660045,0.000660045,0.000660045
43,46.3833,1.1053,0.93311,0.90902,0.84182,0.80008,0.85977,0.599,1.02955,1.08195,0.88479,0.000649046,0.000649046,0.000649046
44,47.3646,1.04371,0.88879,0.90873,0.84814,0.82798,0.8745,0.61884,0.98756,0.99389,0.87566,0.000638047,0.000638047,0.000638047
45,48.349,1.08751,0.8986,0.89919,0.84814,0.82798,0.8745,0.61884,0.98756,0.99389,0.87566,0.000627048,0.000627048,0.000627048
46,49.3434,1.08689,0.85961,0.89385,0.85848,0.83886,0.88488,0.63678,0.9565,0.91972,0.86939,0.000616049,0.000616049,0.000616049
47,50.3781,1.10479,0.8766,0.89367,0.85941,0.8459,0.88736,0.62906,0.98127,0.88325,0.87454,0.000605051,0.000605051,0.000605051
48,51.3724,1.09207,0.85414,0.89237,0.85352,0.8526,0.88793,0.61951,1.02234,0.85781,0.88508,0.000594052,0.000594052,0.000594052
49,52.3415,1.02228,0.83172,0.89254,0.85352,0.8526,0.88793,0.61951,1.02234,0.85781,0.88508,0.000583053,0.000583053,0.000583053
50,53.3383,1.05938,0.82831,0.88362,0.85333,0.8664,0.90043,0.63194,1.00708,0.83254,0.88898,0.000572054,0.000572054,0.000572054
51,54.3194,1.06174,0.84155,0.8909,0.85433,0.86756,0.90366,0.64465,0.98083,0.80532,0.88224,0.000561055,0.000561055,0.000561055
52,55.3247,1.03185,0.80958,0.8908,0.84675,0.84869,0.90632,0.66128,0.93253,0.77289,0.86948,0.000550056,0.000550056,0.000550056
53,56.271,0.9977,0.80285,0.87877,0.84675,0.84869,0.90632,0.66128,0.93253,0.77289,0.86948,0.000539057,0.000539057,0.000539057
54,57.2706,1.05729,0.83239,0.88612,0.85979,0.85192,0.90788,0.65661,0.92698,0.74909,0.86519,0.000528058,0.000528058,0.000528058
55,58.2694,1.15676,0.86681,0.88142,0.86898,0.85994,0.9088,0.66033,0.938,0.73497,0.86648,0.000517059,0.000517059,0.000517059
56,59.2542,1.08971,0.84289,0.87317,0.88511,0.86182,0.91135,0.65382,0.94704,0.73516,0.87073,0.00050606,0.00050606,0.00050606
57,60.3755,1.0093,0.78879,0.89151,0.88511,0.86182,0.91135,0.65382,0.94704,0.73516,0.87073,0.000495062,0.000495062,0.000495062
58,61.3467,1.06285,0.82061,0.89047,0.88117,0.86398,0.90759,0.64265,0.99209,0.73781,0.87817,0.000484063,0.000484063,0.000484063
59,62.3386,1.03076,0.83128,0.89217,0.8931,0.86282,0.91445,0.65182,0.97155,0.72236,0.87465,0.000473064,0.000473064,0.000473064
60,63.3248,0.98742,0.7876,0.88393,0.891,0.87662,0.91951,0.68727,0.89789,0.69864,0.86376,0.000462065,0.000462065,0.000462065
61,64.3058,1.01397,0.81547,0.86948,0.891,0.87662,0.91951,0.68727,0.89789,0.69864,0.86376,0.000451066,0.000451066,0.000451066
62,65.3075,1.05344,0.7898,0.86657,0.88258,0.89914,0.92496,0.67752,0.94595,0.70692,0.86441,0.000440067,0.000440067,0.000440067
63,66.3166,1.00836,0.78928,0.89017,0.8863,0.90313,0.92417,0.66505,0.99407,0.70813,0.86683,0.000429068,0.000429068,0.000429068
64,67.3778,1.07752,0.83425,0.88547,0.89626,0.91106,0.92712,0.67693,0.95178,0.68593,0.86147,0.000418069,0.000418069,0.000418069
65,68.382,1.02486,0.81305,0.88353,0.89626,0.91106,0.92712,0.67693,0.95178,0.68593,0.86147,0.00040707,0.00040707,0.00040707
66,69.3917,1.0185,0.78716,0.87891,0.9026,0.91111,0.92643,0.69291,0.91117,0.66446,0.85698,0.000396071,0.000396071,0.000396071
67,70.465,0.99339,0.77402,0.89265,0.90916,0.9074,0.92677,0.68848,0.9089,0.65641,0.85678,0.000385073,0.000385073,0.000385073
68,71.4845,1.04253,0.78101,0.88209,0.9107,0.9111,0.92984,0.68673,0.90624,0.65327,0.85757,0.000374074,0.000374074,0.000374074
69,72.4838,1.01209,0.77558,0.87617,0.9107,0.9111,0.92984,0.68673,0.90624,0.65327,0.85757,0.000363075,0.000363075,0.000363075
70,73.5102,0.99027,0.76003,0.88069,0.90945,0.90658,0.92924,0.69402,0.89754,0.65068,0.85832,0.000352076,0.000352076,0.000352076
71,74.5215,0.96097,0.75104,0.88005,0.90735,0.90884,0.93135,0.6951,0.90523,0.64972,0.85909,0.000341077,0.000341077,0.000341077
72,75.5877,0.95875,0.73805,0.86674,0.90241,0.90821,0.93193,0.68929,0.91384,0.63784,0.85753,0.000330078,0.000330078,0.000330078
73,76.5677,0.99695,0.77582,0.86867,0.90241,0.90821,0.93193,0.68929,0.91384,0.63784,0.85753,0.000319079,0.000319079,0.000319079
74,77.5824,1.0272,0.75785,0.86565,0.92837,0.89779,0.93298,0.69044,0.90706,0.63174,0.85512,0.00030808,0.00030808,0.00030808
75,78.5686,1.01113,0.77217,0.87217,0.92696,0.89233,0.92945,0.69853,0.89694,0.62996,0.85447,0.000297081,0.000297081,0.000297081
76,79.5477,0.97015,0.76257,0.87637,0.92223,0.89029,0.92649,0.68846,0.89145,0.62922,0.8538,0.000286083,0.000286083,0.000286083
77,80.6786,0.98074,0.74605,0.8728,0.92223,0.89029,0.92649,0.68846,0.89145,0.62922,0.8538,0.000275084,0.000275084,0.000275084
78,81.6651,0.95174,0.72141,0.86883,0.91873,0.89376,0.92674,0.68664,0.87006,0.62402,0.85215,0.000264085,0.000264085,0.000264085
79,82.6671,0.93724,0.71243,0.87273,0.91571,0.89553,0.92831,0.68943,0.85935,0.61646,0.85009,0.000253086,0.000253086,0.000253086
80,83.6208,0.9763,0.73347,0.86055,0.91902,0.90023,0.92939,0.69207,0.86073,0.61586,0.85052,0.000242087,0.000242087,0.000242087
81,84.589,0.98664,0.72422,0.85821,0.91902,0.90023,0.92939,0.69207,0.86073,0.61586,0.85052,0.000231088,0.000231088,0.000231088
82,85.5965,0.92368,0.71132,0.87317,0.90629,0.90097,0.92978,0.69357,0.86315,0.61698,0.84964,0.000220089,0.000220089,0.000220089
83,86.5861,1.01836,0.75945,0.86588,0.91229,0.90357,0.93143,0.6923,0.85768,0.61304,0.84804,0.00020909,0.00020909,0.00020909
84,87.5694,0.91068,0.71457,0.87515,0.92017,0.90154,0.93288,0.70024,0.84194,0.60985,0.8463,0.000198091,0.000198091,0.000198091
85,88.5257,0.9694,0.73171,0.87063,0.92017,0.90154,0.93288,0.70024,0.84194,0.60985,0.8463,0.000187092,0.000187092,0.000187092
86,89.4976,0.96822,0.73802,0.85979,0.92725,0.90271,0.93663,0.70858,0.82971,0.60466,0.84478,0.000176094,0.000176094,0.000176094
87,90.4812,0.93557,0.72405,0.87337,0.91927,0.90957,0.93791,0.70712,0.82447,0.59537,0.84433,0.000165095,0.000165095,0.000165095
88,91.4345,0.94461,0.74131,0.87285,0.91134,0.91984,0.93971,0.70943,0.82278,0.593,0.84385,0.000154096,0.000154096,0.000154096
89,92.3784,0.95316,0.72352,0.85787,0.91134,0.91984,0.93971,0.70943,0.82278,0.593,0.84385,0.000143097,0.000143097,0.000143097
90,93.3527,0.91765,0.7092,0.87543,0.91628,0.92011,0.94027,0.71456,0.82402,0.5923,0.84323,0.000132098,0.000132098,0.000132098
91,107.7,0.95196,0.94954,0.87719,0.9214,0.92022,0.94191,0.71734,0.82574,0.59092,0.84291,0.000121099,0.000121099,0.000121099
92,108.687,0.91714,0.92884,0.87397,0.92043,0.92187,0.94247,0.72006,0.8293,0.58953,0.84285,0.0001101,0.0001101,0.0001101
93,109.618,0.924,0.8476,0.84781,0.92043,0.92187,0.94247,0.72006,0.8293,0.58953,0.84285,9.91012e-05,9.91012e-05,9.91012e-05
94,110.596,0.90143,0.79277,0.86149,0.91796,0.92159,0.94239,0.7229,0.8263,0.59147,0.84276,8.81023e-05,8.81023e-05,8.81023e-05
95,111.569,0.88239,0.78621,0.87166,0.925,0.91998,0.94256,0.72263,0.81799,0.59527,0.84219,7.71034e-05,7.71034e-05,7.71034e-05
96,112.536,0.90961,0.83935,0.86719,0.93015,0.91654,0.94182,0.72431,0.81898,0.59889,0.84274,6.61045e-05,6.61045e-05,6.61045e-05
97,113.482,0.91639,0.80095,0.85745,0.93015,0.91654,0.94182,0.72431,0.81898,0.59889,0.84274,5.51056e-05,5.51056e-05,5.51056e-05
98,114.558,0.89709,0.76929,0.85397,0.92968,0.91372,0.94062,0.724,0.82372,0.60382,0.84335,4.41067e-05,4.41067e-05,4.41067e-05
99,115.506,0.90293,0.76814,0.8665,0.9337,0.90694,0.94019,0.72216,0.8263,0.60652,0.84396,3.31078e-05,3.31078e-05,3.31078e-05
100,116.5,0.86604,0.74551,0.87594,0.93827,0.90804,0.94146,0.72053,0.82841,0.60909,0.84426,2.21089e-05,2.21089e-05,2.21089e-05
1,3.77844,3.03588,4.42872,1.8646,0.0001,0.0129,6e-05,2e-05,3.00674,4.41857,1.86321,2.222e-05,2.222e-05,2.222e-05
2,4.95965,3.20638,4.42736,1.85188,0.0002,0.02581,0.00012,2e-05,2.60074,4.40986,1.63672,5.44501e-05,5.44501e-05,5.44501e-05
3,6.02454,2.56864,4.33874,1.54312,0,0,0,0,1.93235,4.31044,1.19883,8.53604e-05,8.53604e-05,8.53604e-05
4,7.01891,2.00055,4.19195,1.24569,0.00015,0.0079,0.00012,3e-05,1.90745,4.23285,1.06772,0.000114951,0.000114951,0.000114951
5,8.4686,1.71477,3.99684,1.09149,0.00163,0.06816,0.0011,0.00026,1.62667,4.18084,0.99974,0.000143221,0.000143221,0.000143221
6,9.46323,1.65782,3.85602,1.06421,0.00182,0.05023,0.00135,0.00028,1.59124,4.17404,0.99709,0.000170172,0.000170172,0.000170172
7,10.4419,1.5568,3.73093,1.0235,0.07158,0.07583,0.03756,0.00867,1.67443,4.12472,1.00307,0.000195803,0.000195803,0.000195803
8,11.4004,1.46145,3.58374,0.99734,0.03688,0.09456,0.02278,0.00589,1.59925,4.08337,0.98191,0.000220114,0.000220114,0.000220114
9,12.395,1.48784,3.47764,0.98882,0.02896,0.18257,0.02813,0.00726,1.37657,4.03064,0.93858,0.000243105,0.000243105,0.000243105
10,13.4156,1.45386,3.34563,0.99071,0.01938,0.20251,0.02738,0.00578,1.35784,4.02015,0.93851,0.000264776,0.000264776,0.000264776
11,14.3962,1.3835,3.13223,0.98306,0.02028,0.3124,0.03747,0.00881,1.34354,3.97072,0.94229,0.000285127,0.000285127,0.000285127
12,15.3474,1.54024,3.02019,0.97684,0.02308,0.3933,0.05948,0.01555,1.32434,3.92233,0.93692,0.000304158,0.000304158,0.000304158
13,16.3345,1.39657,2.8191,0.96634,0.02372,0.43278,0.11139,0.03912,1.29803,3.83704,0.93035,0.00032187,0.00032187,0.00032187
14,17.3123,1.45029,2.66737,0.96177,0.02509,0.43664,0.13535,0.04576,1.29073,3.7976,0.92502,0.000338262,0.000338262,0.000338262
15,18.273,1.45898,2.50706,0.94125,0.02369,0.39806,0.09902,0.03743,1.24469,3.72595,0.9153,0.000353334,0.000353334,0.000353334
16,19.2454,1.45348,2.33899,0.93614,0.02869,0.44651,0.12634,0.04966,1.23738,3.68011,0.91008,0.000367086,0.000367086,0.000367086
17,20.2019,1.41722,2.26436,0.92293,0.03377,0.47441,0.1596,0.06758,1.22669,3.63396,0.90548,0.000379518,0.000379518,0.000379518
18,21.1924,1.43071,2.02962,0.95063,0.03793,0.49126,0.14934,0.0562,1.22142,3.60198,0.90217,0.00039063,0.00039063,0.00039063
19,22.1503,1.389,1.99366,0.91428,0.04453,0.51283,0.14141,0.06195,1.2068,3.55695,0.89932,0.000400422,0.000400422,0.000400422
20,23.1197,1.31729,1.79709,0.91673,0.05364,0.55936,0.23187,0.12105,1.19791,3.43723,0.89412,0.000408895,0.000408895,0.000408895
21,24.0761,1.29885,1.7444,0.92295,0.057,0.5842,0.32386,0.18977,1.20149,3.33449,0.89471,0.000416047,0.000416047,0.000416047
22,25.0379,1.33665,1.66674,0.90933,0.06034,0.62641,0.44982,0.26749,1.2545,3.24478,0.90226,0.00042188,0.00042188,0.00042188
23,25.9958,1.35092,1.62814,0.91397,0.06396,0.64874,0.51709,0.3115,1.26295,3.15113,0.90701,0.000426393,0.000426393,0.000426393
24,26.9375,1.31083,1.45016,0.91957,0.06659,0.67653,0.53612,0.34324,1.19804,3.04119,0.90012,0.000429586,0.000429586,0.000429586
25,27.9218,1.23011,1.40681,0.91956,0.71319,0.44424,0.54906,0.3536,1.19815,2.93038,0.90092,0.000431459,0.000431459,0.000431459
26,28.8729,1.34132,1.40175,0.93021,0.93142,0.32627,0.54914,0.35955,1.19158,2.83501,0.90275,0.000432012,0.000432012,0.000432012
27,30.0047,1.30245,1.36527,0.93248,0.9564,0.32313,0.58155,0.37837,1.20861,2.75916,0.89765,0.000431246,0.000431246,0.000431246
28,30.976,1.26819,1.29671,0.9063,0.96572,0.34654,0.60379,0.38356,1.28971,2.65801,0.91073,0.000429159,0.000429159,0.000429159
29,31.9416,1.37192,1.287,0.90937,0.96572,0.34654,0.60379,0.38356,1.28971,2.65801,0.91073,0.000425753,0.000425753,0.000425753
30,32.9954,1.29127,1.2373,0.91496,0.96245,0.39198,0.62602,0.40388,1.29609,2.48026,0.9228,0.000421027,0.000421027,0.000421027
31,33.9341,1.26528,1.16672,0.92174,0.89278,0.46234,0.65009,0.43812,1.21051,2.29057,0.91406,0.000414981,0.000414981,0.000414981
32,34.9468,1.26409,1.15458,0.91748,0.90283,0.54767,0.68624,0.45898,1.16466,2.09145,0.90252,0.000407615,0.000407615,0.000407615
33,35.8953,1.18978,1.18732,0.91754,0.90283,0.54767,0.68624,0.45898,1.16466,2.09145,0.90252,0.000398929,0.000398929,0.000398929
34,36.8835,1.24064,1.14441,0.91523,0.89703,0.57013,0.73709,0.49895,1.13934,1.94818,0.89548,0.000385073,0.000385073,0.000385073
35,37.9153,1.24063,1.10205,0.91579,0.90985,0.59811,0.79018,0.54074,1.14048,1.83823,0.89149,0.000363075,0.000363075,0.000363075
36,38.9369,1.2711,1.14969,0.91963,0.88043,0.61522,0.81208,0.55165,1.18625,1.76357,0.89091,0.000341077,0.000341077,0.000341077
37,39.9267,1.20357,1.05191,0.90137,0.88043,0.61522,0.81208,0.55165,1.18625,1.76357,0.89091,0.000319079,0.000319079,0.000319079
38,40.8818,1.20742,1.05212,0.89343,0.87416,0.65953,0.83181,0.56107,1.18269,1.66485,0.89104,0.000297081,0.000297081,0.000297081
39,41.8623,1.19351,1.06369,0.89804,0.87462,0.71326,0.84179,0.58486,1.13168,1.55084,0.88893,0.000275084,0.000275084,0.000275084
40,42.8951,1.11522,0.97278,0.90073,0.87626,0.75896,0.85376,0.60262,1.07806,1.41643,0.88614,0.000253086,0.000253086,0.000253086
41,64.5077,1.12025,1.10513,0.91586,0.87626,0.75896,0.85376,0.60262,1.07806,1.41643,0.88614,0.000231088,0.000231088,0.000231088
42,65.5087,1.16851,1.1909,0.90622,0.85731,0.8168,0.86127,0.6035,1.06702,1.26268,0.88467,0.00020909,0.00020909,0.00020909
43,66.5803,1.15061,1.10908,0.91326,0.85914,0.83236,0.86745,0.59926,1.06897,1.16444,0.88464,0.000187092,0.000187092,0.000187092
44,67.5262,1.16103,1.09732,0.90115,0.84654,0.83951,0.86712,0.59709,1.05588,1.09886,0.88308,0.000165095,0.000165095,0.000165095
45,68.469,1.09374,0.99892,0.90741,0.84654,0.83951,0.86712,0.59709,1.05588,1.09886,0.88308,0.000143097,0.000143097,0.000143097
46,69.4025,1.0482,1.00897,0.89664,0.83719,0.84891,0.86536,0.59594,1.04147,1.06035,0.88094,0.000121099,0.000121099,0.000121099
47,70.3533,1.0804,1.0399,0.90141,0.84151,0.85032,0.8662,0.5971,1.03212,1.02218,0.8797,9.91012e-05,9.91012e-05,9.91012e-05
48,71.2712,1.07961,1.02668,0.9216,0.82953,0.85771,0.86736,0.59822,1.03042,0.98593,0.87933,7.71034e-05,7.71034e-05,7.71034e-05
49,72.3652,1.05878,0.99665,0.89719,0.82953,0.85771,0.86736,0.59822,1.03042,0.98593,0.87933,5.51056e-05,5.51056e-05,5.51056e-05
50,73.2804,1.06106,1.03795,0.8987,0.83093,0.85909,0.86526,0.59741,1.02784,0.95573,0.87914,3.31078e-05,3.31078e-05,3.31078e-05
1,4.2623,1.62771,3.63279,1.6261,0.02291,0.06948,0.02382,0.00764,1.50005,3.44676,1.46432,4e-05,4e-05,4e-05
2,5.83513,1.66104,3.67846,1.54704,0.03529,0.13251,0.05828,0.02631,1.11827,3.37328,1.17832,8.8218e-05,8.8218e-05,8.8218e-05
3,7.29867,1.0743,3.4346,1.28488,0.04086,0.18759,0.14962,0.10904,0.67911,3.39153,0.95767,0.000134456,0.000134456,0.000134456
4,8.74973,0.92317,3.26752,1.1008,0.0436,0.19107,0.16241,0.12132,0.66692,3.31399,0.8991,0.000178714,0.000178714,0.000178714
5,10.1825,0.82944,3.10817,1.0789,0.04324,0.19206,0.15199,0.10837,0.66287,3.25725,0.9012,0.000220992,0.000220992,0.000220992
6,11.5338,0.78332,3.00648,1.0223,0.04399,0.19156,0.15801,0.11619,0.6978,3.21664,0.9009,0.00026129,0.00026129,0.00026129
7,12.9448,0.81427,2.85794,1.06002,0.04429,0.19057,0.17696,0.14381,0.67856,3.05191,0.90772,0.000299608,0.000299608,0.000299608
8,14.3734,0.76128,2.60036,1.01285,0.04154,0.19057,0.18293,0.15013,0.60824,2.98936,0.89185,0.000335946,0.000335946,0.000335946
9,15.8095,0.73246,2.32438,1.02234,0.04438,0.19007,0.18374,0.15472,0.69112,2.97038,0.93762,0.000370304,0.000370304,0.000370304
10,17.3141,0.81123,2.31322,1.03068,0.05449,0.18958,0.18501,0.15749,0.66958,2.80641,0.91411,0.000402682,0.000402682,0.000402682
11,18.7601,0.83586,2.20981,1.03398,0.06857,0.19107,0.18418,0.1568,0.60879,2.64021,0.88897,0.00043308,0.00043308,0.00043308
12,20.3812,0.83607,1.94549,1.07608,0.77604,0.17866,0.17911,0.15459,0.61152,2.4947,0.9019,0.000461498,0.000461498,0.000461498
13,21.773,0.72629,1.82216,1.00824,0.98607,0.16577,0.18116,0.15486,0.66318,2.4452,0.91852,0.000487936,0.000487936,0.000487936
14,23.1791,0.92509,1.91211,1.02471,0.99022,0.15445,0.18563,0.15334,0.70615,2.31643,0.94611,0.000512394,0.000512394,0.000512394
15,24.6084,0.80562,1.74316,1.07705,0.97716,0.16774,0.19368,0.14906,0.67363,2.05647,0.94687,0.000534872,0.000534872,0.000534872
16,26.0039,0.72516,1.5091,1.05932,0.9787,0.16675,0.19726,0.15352,0.69884,1.88781,0.93886,0.00055537,0.00055537,0.00055537
17,27.4793,0.6609,1.35403,0.99147,0.98565,0.16824,0.20748,0.16183,0.77421,1.56196,0.96376,0.000573888,0.000573888,0.000573888
18,28.807,0.70413,1.16324,1.01271,0.98763,0.17306,0.21121,0.16901,0.76407,1.36746,0.95428,0.000590426,0.000590426,0.000590426
19,30.1673,0.69758,1.25134,0.99223,0.98775,0.17667,0.25481,0.19426,0.7261,1.22406,0.94753,0.000604984,0.000604984,0.000604984
20,31.5129,0.6777,1.16841,1.01705,0.95924,0.19057,0.49223,0.3573,0.61826,0.87024,0.94411,0.000617562,0.000617562,0.000617562
21,32.8401,0.61858,0.95914,0.97886,0.94859,0.19404,0.51681,0.37919,0.61415,0.75381,0.9269,0.000604,0.000604,0.000604
22,34.1382,0.66046,1.0766,0.97832,0.94643,0.21148,0.53789,0.37978,0.55448,0.71106,0.89568,0.0005842,0.0005842,0.0005842
23,35.3926,0.58566,0.93085,0.947,0.94791,0.22785,0.56402,0.39909,0.52659,0.66594,0.87598,0.0005644,0.0005644,0.0005644
24,36.9147,0.57128,0.90016,0.94454,0.93734,0.424,0.60189,0.44185,0.5685,0.70344,0.89648,0.0005446,0.0005446,0.0005446
25,38.3353,0.6803,0.96376,0.99295,0.92934,0.53839,0.63451,0.46169,0.51574,0.76791,0.88024,0.0005248,0.0005248,0.0005248
26,39.6183,0.53011,0.79192,0.93358,0.88895,0.54404,0.63277,0.46239,0.48363,0.84566,0.88065,0.000505,0.000505,0.000505
27,40.8952,0.6486,0.76931,1.03295,0.90443,0.55871,0.63409,0.46246,0.48659,0.86145,0.88352,0.0004852,0.0004852,0.0004852
28,42.193,0.54344,0.73402,0.9498,0.7992,0.59737,0.64806,0.48546,0.48401,0.59411,0.85737,0.0004654,0.0004654,0.0004654
29,43.4952,0.57912,0.7501,0.97605,0.83458,0.62149,0.6531,0.48116,0.4818,0.53782,0.86052,0.0004456,0.0004456,0.0004456
30,44.7891,0.72351,1.33983,1.01178,0.81506,0.61476,0.65597,0.46762,0.46862,0.53729,0.85634,0.0004258,0.0004258,0.0004258
31,46.1859,0.71576,1.10719,0.94972,0.78942,0.61383,0.66697,0.46277,0.4605,0.52631,0.8542,0.000406,0.000406,0.000406
32,47.5526,0.54612,0.68716,0.94076,0.87036,0.61446,0.67626,0.44451,0.49639,0.50929,0.85905,0.0003862,0.0003862,0.0003862
33,48.9289,0.55642,0.77958,0.95649,0.84409,0.62017,0.68441,0.44887,0.46201,0.51265,0.85192,0.0003664,0.0003664,0.0003664
34,50.2142,0.66735,0.82166,1.02064,0.81995,0.62064,0.68501,0.45416,0.45269,0.52763,0.84953,0.0003466,0.0003466,0.0003466
35,51.5414,0.57296,0.6935,0.9776,0.79249,0.62236,0.67522,0.46553,0.44939,0.56385,0.84981,0.0003268,0.0003268,0.0003268
36,52.8315,0.59794,0.87313,0.94895,0.82504,0.58638,0.65137,0.48459,0.43462,0.50639,0.84404,0.000307,0.000307,0.000307
37,54.0897,0.52651,0.73341,0.9139,0.84725,0.60051,0.65924,0.49824,0.42309,0.4686,0.83996,0.0002872,0.0002872,0.0002872
38,55.3557,0.4889,0.60933,0.9142,0.77024,0.68598,0.645,0.48837,0.40785,0.4462,0.83292,0.0002674,0.0002674,0.0002674
39,56.7155,0.59386,0.64437,1.0343,0.78998,0.62989,0.64588,0.50326,0.40434,0.4388,0.8305,0.0002476,0.0002476,0.0002476
40,58.1276,0.50616,0.88417,0.95475,0.78957,0.68079,0.6579,0.52049,0.39589,0.41468,0.82808,0.0002278,0.0002278,0.0002278
41,72.9142,0.51612,0.96003,0.93344,0.8311,0.6955,0.68878,0.53247,0.40563,0.41323,0.82763,0.000208,0.000208,0.000208
42,74.2624,0.45916,0.81191,0.88267,0.83558,0.6983,0.70561,0.53667,0.42763,0.42119,0.83223,0.0001882,0.0001882,0.0001882
43,75.6705,0.47868,0.82115,0.88416,0.83255,0.69414,0.70588,0.53581,0.44473,0.44054,0.83974,0.0001684,0.0001684,0.0001684
44,77.1227,0.36613,11.1245,0.7043,0.85199,0.6617,0.7031,0.53203,0.43356,0.45728,0.83449,0.0001486,0.0001486,0.0001486
45,78.5115,0.45034,0.68191,0.85881,0.84943,0.66071,0.70167,0.53384,0.40998,0.46339,0.82943,0.0001288,0.0001288,0.0001288
46,79.9389,0.61892,1.23051,1.2644,0.8542,0.66121,0.69816,0.53352,0.39328,0.45578,0.82633,0.000109,0.000109,0.000109
47,81.3454,0.43366,0.83488,0.86846,0.88219,0.64933,0.69744,0.52894,0.39042,0.46422,0.82388,8.92e-05,8.92e-05,8.92e-05
48,82.7355,0.42117,0.65329,0.86325,0.91582,0.65828,0.69864,0.52679,0.39081,0.45299,0.82268,6.94e-05,6.94e-05,6.94e-05
49,84.1223,0.47627,0.71222,0.89244,0.91099,0.66275,0.70269,0.53028,0.38735,0.45175,0.82145,4.96e-05,4.96e-05,4.96e-05
50,85.4225,0.50384,0.74579,0.9487,0.91572,0.66284,0.70344,0.53527,0.38427,0.45405,0.81907,2.98e-05,2.98e-05,2.98e-05
